"Sub.Category","Sales"
"Accessories",217.349721485411
"Appliances",227.239002183406
"Art",34.0527678571429
"Binders",134.067550268097
"Bookcases",486.259105333333
"Chairs",531.530579207921
"Copiers",2215.88021212121
"Envelopes",65.2874736842105
"Fasteners",14.0278504672897
"Furnishings",95.8238646616541
"Labels",34.5874677871148
"Machines",1645.55331304348
"Paper",57.4372035928144
"Phones",373.128797714286
"Storage",262.068714801444
"Supplies",252.284282608696
"Tables",645.893719745223
