"Category","discount.Min.","discount.1st Qu.","discount.Median","discount.Mean","discount.3rd Qu.","discount.Max."
"Furniture",4.659333,4.952505,5.099504,5.106492,5.255573,5.702263
"Office Supplies",4.626685,4.945121,5.079891,5.097868,5.249057,5.695097
"Technology",4.610394,4.950760,5.082882,5.105246,5.256773,5.682121
