"Region","TotalSales","avgDiscount"
"Central",492646.9132,5.09879102519019
"East",660589.356,5.10148084213749
"South",389151.459,5.10058811703013
"West",710219.6845,5.10257777868076
