"Sub.Category","discount"
"Accessories",5.10545026660726
"Appliances",5.11513655492462
"Art",5.09446164853953
"Binders",5.09763941696687
"Bookcases",5.09507440509194
"Chairs",5.10843162578907
"Copiers",5.09128356549194
"Envelopes",5.089124333064
"Fasteners",5.07683541571231
"Furnishings",5.10823037101871
"Labels",5.10202248953093
"Machines",5.11904299929343
"Paper",5.09834750692921
"Phones",5.10431063579636
"Storage",5.09453338157824
"Supplies",5.1109727867288
"Tables",5.10577644050371
