"Sales","discount"
1,-0.00439083434055128
-0.00439083434055128,1
